User_ID,Prediction_Date,Current_Usage_MB,Predicted_Next_Day_Usage_MB,Predicted_7_Day_Usage_MB,Current_Month_Usage_MB,Plan_GB,Remaining_Plan_MB,Predicted_Month_End_Usage_MB,Expected_Shortage_MB,Risk_Level,Expected_Exhaustion_Date,Recommendation
U0001,2025-06-29,214.18,214.7,1589.32,7694.48,10.0,2545.52,7909.18,0.0,Low,Not Expected This Month,Keep Current Plan
U0002,2025-06-29,57.3,72.9,546.78,2010.42,5.0,3109.58,2083.32,0.0,Low,Not Expected This Month,Keep Current Plan
U0003,2025-06-29,65.42,98.71,759.78,3473.49,3.0,0.0,3572.2,500.2,High,Already Exhausted,Consider Data Add-on
U0004,2025-06-29,206.52,242.3,1745.96,6911.93,10.0,3328.07,7154.23,0.0,Low,Not Expected This Month,Keep Current Plan
U0005,2025-06-29,214.72,352.78,2503.47,10243.16,10.0,0.0,10595.94,355.94,High,Already Exhausted,Consider Data Add-on
U0006,2025-06-29,70.66,64.99,481.31,2187.84,3.0,884.16,2252.83,0.0,Low,Not Expected This Month,Keep Current Plan
U0007,2025-06-29,154.06,221.71,1515.7,6159.04,10.0,4080.96,6380.75,0.0,Low,Not Expected This Month,Keep Current Plan
U0008,2025-06-29,845.67,557.38,3826.02,17168.75,10.0,0.0,17726.13,7486.13,High,Already Exhausted,Consider Higher Data Plan
U0009,2025-06-29,188.44,240.08,1722.2,6725.75,10.0,3514.25,6965.83,0.0,Low,Not Expected This Month,Keep Current Plan
U0010,2025-06-29,159.81,133.31,975.23,3947.61,3.0,0.0,4080.93,1008.93,High,Already Exhausted,Consider Data Add-on
U0011,2025-06-29,244.33,107.65,747.55,2728.17,5.0,2391.83,2835.82,0.0,Low,Not Expected This Month,Keep Current Plan
U0012,2025-06-29,133.01,83.12,600.38,2836.77,2.0,0.0,2919.89,871.89,High,Already Exhausted,Consider Data Add-on
U0013,2025-06-29,73.65,87.07,643.67,3065.55,3.0,6.45,3152.62,80.62,High,2025-06-30,Consider Data Add-on
U0014,2025-06-29,130.62,233.49,1725.81,6607.41,10.0,3632.59,6840.9,0.0,Low,Not Expected This Month,Keep Current Plan
U0015,2025-06-29,182.42,155.22,1122.26,4359.25,5.0,760.75,4514.47,0.0,Medium,2025-07-04,Monitor Usage
U0016,2025-06-29,494.59,332.73,2268.4,9160.68,10.0,1079.32,9493.41,0.0,Medium,2025-07-03,Reduce Streaming Usage
U0017,2025-06-29,184.88,330.69,2379.63,9440.27,10.0,799.73,9770.96,0.0,Medium,2025-07-02,Reduce Streaming Usage
U0018,2025-06-29,341.91,317.34,2273.05,8891.9,10.0,1348.1,9209.24,0.0,Medium,2025-07-04,Monitor Usage
U0019,2025-06-29,411.49,340.4,2443.22,10181.99,10.0,58.01,10522.39,282.39,High,2025-06-30,Consider Data Add-on
U0020,2025-06-29,286.03,406.29,2795.36,12012.72,10.0,0.0,12419.01,2179.01,High,Already Exhausted,Consider Data Add-on
U0021,2025-06-29,977.5,480.37,3220.2,14657.61,10.0,0.0,15137.98,4897.98,High,Already Exhausted,Consider Data Add-on
U0022,2025-06-29,276.65,540.94,3853.98,17586.47,10.0,0.0,18127.41,7887.41,High,Already Exhausted,Consider Higher Data Plan
U0023,2025-06-29,265.37,310.14,2260.99,8984.74,10.0,1255.26,9294.88,0.0,Medium,2025-07-03,Reduce Streaming Usage
U0024,2025-06-29,331.21,179.47,1313.27,5772.22,5.0,0.0,5951.69,831.69,High,Already Exhausted,Consider Data Add-on
U0025,2025-06-29,74.79,69.97,515.98,1916.1,3.0,1155.9,1986.07,0.0,Low,Not Expected This Month,Keep Current Plan
U0026,2025-06-29,407.63,246.9,1788.41,7721.54,10.0,2518.46,7968.44,0.0,Low,Not Expected This Month,Keep Current Plan
U0027,2025-06-29,179.27,186.4,1370.73,5581.42,10.0,4658.58,5767.82,0.0,Low,Not Expected This Month,Keep Current Plan
U0028,2025-06-29,176.99,290.48,2178.77,9072.84,10.0,1167.16,9363.32,0.0,Medium,2025-07-03,Reduce Streaming Usage
U0029,2025-06-29,138.77,121.31,901.98,3532.87,5.0,1587.13,3654.18,0.0,Low,Not Expected This Month,Keep Current Plan
U0030,2025-06-29,154.74,161.98,1138.27,4193.58,10.0,6046.42,4355.56,0.0,Low,Not Expected This Month,Keep Current Plan
U0031,2025-06-29,742.07,274.82,1895.99,7802.04,10.0,2437.96,8076.86,0.0,Low,Not Expected This Month,Keep Current Plan
U0032,2025-06-29,234.34,164.73,1168.35,4188.32,10.0,6051.68,4353.05,0.0,Low,Not Expected This Month,Keep Current Plan
U0033,2025-06-29,72.12,180.79,1337.77,4904.58,10.0,5335.42,5085.37,0.0,Low,Not Expected This Month,Keep Current Plan
U0034,2025-06-29,495.1,453.17,3127.85,13934.97,10.0,0.0,14388.14,4148.14,High,Already Exhausted,Consider Data Add-on
U0035,2025-06-29,440.66,284.34,1995.08,8556.31,10.0,1683.69,8840.65,0.0,Medium,2025-07-05,Monitor Usage
U0036,2025-06-29,107.3,186.02,1339.62,5155.01,10.0,5084.99,5341.03,0.0,Low,Not Expected This Month,Keep Current Plan
U0037,2025-06-29,641.51,295.72,2079.68,8167.55,10.0,2072.45,8463.27,0.0,Low,2025-07-06,Keep Current Plan
U0038,2025-06-29,777.53,385.98,2644.66,11047.56,10.0,0.0,11433.54,1193.54,High,Already Exhausted,Consider Data Add-on
U0039,2025-06-29,40.93,57.04,433.13,1609.79,3.0,1462.21,1666.83,0.0,Low,Not Expected This Month,Keep Current Plan
U0040,2025-06-29,135.48,192.62,1419.22,5174.59,10.0,5065.41,5367.21,0.0,Low,Not Expected This Month,Keep Current Plan
U0041,2025-06-29,68.2,97.37,722.37,2800.32,5.0,2319.68,2897.69,0.0,Low,Not Expected This Month,Keep Current Plan
U0042,2025-06-29,172.05,141.3,1055.6,4726.76,3.0,0.0,4868.06,1796.06,High,Already Exhausted,Consider Higher Data Plan
U0043,2025-06-29,55.39,102.88,770.79,2846.99,5.0,2273.01,2949.87,0.0,Low,Not Expected This Month,Keep Current Plan
U0044,2025-06-29,365.59,217.26,1565.19,6275.99,10.0,3964.01,6493.25,0.0,Low,Not Expected This Month,Keep Current Plan
U0045,2025-06-29,133.61,212.99,1497.85,5879.97,10.0,4360.03,6092.96,0.0,Low,Not Expected This Month,Keep Current Plan
U0046,2025-06-29,369.19,298.12,2098.91,8304.75,10.0,1935.25,8602.87,0.0,Low,2025-07-06,Keep Current Plan
U0047,2025-06-29,378.79,531.96,3710.68,16272.32,10.0,0.0,16804.28,6564.28,High,Already Exhausted,Consider Higher Data Plan
U0048,2025-06-29,148.91,239.25,1794.69,6835.19,10.0,3404.81,7074.44,0.0,Low,Not Expected This Month,Keep Current Plan
U0049,2025-06-29,378.02,288.29,1983.85,8675.15,10.0,1564.85,8963.44,0.0,Medium,2025-07-05,Monitor Usage
U0050,2025-06-29,266.69,190.01,1397.72,5073.38,10.0,5166.62,5263.39,0.0,Low,Not Expected This Month,Keep Current Plan
U0051,2025-06-29,210.79,137.34,982.15,3995.31,10.0,6244.69,4132.65,0.0,Low,Not Expected This Month,Keep Current Plan
U0052,2025-06-29,303.05,187.42,1283.72,4495.5,10.0,5744.5,4682.92,0.0,Low,Not Expected This Month,Keep Current Plan
U0053,2025-06-29,459.68,240.71,1640.92,6486.52,10.0,3753.48,6727.23,0.0,Low,Not Expected This Month,Keep Current Plan
U0054,2025-06-29,164.18,150.67,1090.21,4074.76,10.0,6165.24,4225.43,0.0,Low,Not Expected This Month,Keep Current Plan
U0055,2025-06-29,50.51,70.6,528.05,2087.85,3.0,984.15,2158.45,0.0,Low,Not Expected This Month,Keep Current Plan
U0056,2025-06-29,116.58,292.24,2053.85,8455.39,10.0,1784.61,8747.63,0.0,Medium,2025-07-06,Monitor Usage
U0057,2025-06-29,430.73,243.26,1590.33,6579.54,10.0,3660.46,6822.8,0.0,Low,Not Expected This Month,Keep Current Plan
U0058,2025-06-29,823.69,673.48,4680.02,20550.12,10.0,0.0,21223.6,10983.6,High,Already Exhausted,Consider Higher Data Plan
U0059,2025-06-29,338.78,237.95,1714.63,6610.84,10.0,3629.16,6848.79,0.0,Low,Not Expected This Month,Keep Current Plan
U0060,2025-06-29,162.65,111.01,797.22,2945.94,5.0,2174.06,3056.94,0.0,Low,Not Expected This Month,Keep Current Plan
U0061,2025-06-29,1001.49,694.67,4879.33,21127.6,10.0,0.0,21822.27,11582.27,High,Already Exhausted,Consider Higher Data Plan
U0062,2025-06-29,201.23,170.93,1226.76,4462.65,10.0,5777.35,4633.58,0.0,Low,Not Expected This Month,Keep Current Plan
U0063,2025-06-29,684.28,515.49,3497.2,14831.25,10.0,0.0,15346.74,5106.74,High,Already Exhausted,Consider Data Add-on
U0064,2025-06-29,99.41,273.6,1934.15,8105.52,10.0,2134.48,8379.12,0.0,Low,2025-07-07,Keep Current Plan
U0065,2025-06-29,648.93,365.16,2571.37,11509.27,10.0,0.0,11874.43,1634.43,High,Already Exhausted,Consider Data Add-on
U0066,2025-06-29,296.84,350.72,2548.06,11163.48,10.0,0.0,11514.2,1274.2,High,Already Exhausted,Consider Data Add-on
U0067,2025-06-29,383.52,189.08,1335.07,5061.12,10.0,5178.88,5250.21,0.0,Low,Not Expected This Month,Keep Current Plan
U0068,2025-06-29,139.36,201.77,1414.14,5890.57,5.0,0.0,6092.34,972.34,High,Already Exhausted,Consider Data Add-on
U0069,2025-06-29,1001.49,568.96,3824.89,15780.57,10.0,0.0,16349.53,6109.53,High,Already Exhausted,Consider Higher Data Plan
U0070,2025-06-29,324.78,244.86,1794.76,7179.27,10.0,3060.73,7424.13,0.0,Low,Not Expected This Month,Keep Current Plan
U0071,2025-06-29,228.0,360.74,2528.27,10518.92,10.0,0.0,10879.66,639.66,High,Already Exhausted,Consider Data Add-on
U0072,2025-06-29,453.67,361.1,2455.33,10248.35,10.0,0.0,10609.45,369.45,High,Already Exhausted,Consider Data Add-on
U0073,2025-06-29,96.25,178.83,1331.76,4890.55,10.0,5349.45,5069.38,0.0,Low,Not Expected This Month,Keep Current Plan
U0074,2025-06-29,129.6,309.97,2236.69,9326.49,10.0,913.51,9636.46,0.0,Medium,2025-07-02,Reduce Streaming Usage
U0075,2025-06-29,357.43,155.89,1076.63,4546.22,3.0,0.0,4702.11,1630.11,High,Already Exhausted,Consider Higher Data Plan
U0076,2025-06-29,419.11,300.43,2106.96,9563.38,10.0,676.62,9863.81,0.0,Medium,2025-07-02,Reduce Streaming Usage
U0077,2025-06-29,256.84,181.51,1270.21,5723.17,5.0,0.0,5904.68,784.68,High,Already Exhausted,Consider Data Add-on
U0078,2025-06-29,271.81,168.2,1200.9,4326.06,10.0,5913.94,4494.26,0.0,Low,Not Expected This Month,Keep Current Plan
U0079,2025-06-29,548.42,371.52,2567.04,10165.27,10.0,74.73,10536.79,296.79,High,2025-06-30,Consider Data Add-on
U0080,2025-06-29,39.64,57.97,440.79,1640.2,2.0,407.8,1698.17,0.0,Low,2025-07-06,Keep Current Plan
U0081,2025-06-29,124.22,57.88,408.16,1873.89,3.0,1198.11,1931.77,0.0,Low,Not Expected This Month,Keep Current Plan
U0082,2025-06-29,260.95,263.61,1939.76,8403.74,10.0,1836.26,8667.35,0.0,Low,2025-07-06,Keep Current Plan
U0083,2025-06-29,194.69,170.91,1224.34,5378.68,5.0,0.0,5549.59,429.59,High,Already Exhausted,Consider Data Add-on
U0084,2025-06-29,330.59,287.84,1982.79,8240.97,10.0,1999.03,8528.81,0.0,Low,2025-07-07,Keep Current Plan
U0085,2025-06-29,259.89,184.32,1264.45,5069.46,5.0,50.54,5253.78,133.78,High,2025-06-30,Consider Data Add-on
U0086,2025-06-29,110.76,80.83,593.06,2667.19,5.0,2452.81,2748.02,0.0,Low,Not Expected This Month,Keep Current Plan
U0087,2025-06-29,185.84,388.03,2734.47,11644.43,10.0,0.0,12032.46,1792.46,High,Already Exhausted,Consider Data Add-on
U0088,2025-06-29,130.57,79.41,572.75,2335.42,3.0,736.58,2414.83,0.0,Low,Not Expected This Month,Keep Current Plan
U0089,2025-06-29,394.64,282.5,1970.23,8228.34,10.0,2011.66,8510.84,0.0,Low,2025-07-07,Keep Current Plan
U0090,2025-06-29,195.37,100.11,717.19,2767.55,5.0,2352.45,2867.66,0.0,Low,Not Expected This Month,Keep Current Plan
U0091,2025-06-29,88.31,195.19,1482.22,6118.96,10.0,4121.04,6314.15,0.0,Low,Not Expected This Month,Keep Current Plan
U0092,2025-06-29,174.08,138.98,1009.78,4174.1,3.0,0.0,4313.08,1241.08,High,Already Exhausted,Consider Data Add-on
U0093,2025-06-29,74.0,167.78,1207.76,4784.2,10.0,5455.8,4951.98,0.0,Low,Not Expected This Month,Keep Current Plan
U0094,2025-06-29,103.08,341.34,2508.1,10840.5,10.0,0.0,11181.84,941.84,High,Already Exhausted,Consider Data Add-on
U0095,2025-06-29,80.31,79.01,597.05,2741.75,5.0,2378.25,2820.76,0.0,Low,Not Expected This Month,Keep Current Plan
U0096,2025-06-29,83.07,146.86,1111.73,4036.54,10.0,6203.46,4183.4,0.0,Low,Not Expected This Month,Keep Current Plan
U0097,2025-06-29,63.5,96.91,703.77,3102.67,5.0,2017.33,3199.58,0.0,Low,Not Expected This Month,Keep Current Plan
U0098,2025-06-29,98.29,92.07,671.53,3047.44,5.0,2072.56,3139.51,0.0,Low,Not Expected This Month,Keep Current Plan
U0099,2025-06-29,127.7,216.7,1502.55,5649.53,10.0,4590.47,5866.23,0.0,Low,Not Expected This Month,Keep Current Plan
U0100,2025-06-29,150.75,223.44,1590.5,6319.7,10.0,3920.3,6543.14,0.0,Low,Not Expected This Month,Keep Current Plan
U0101,2025-06-29,51.99,81.77,600.87,2768.94,3.0,303.06,2850.71,0.0,Medium,2025-07-03,Reduce Streaming Usage
U0102,2025-06-29,141.13,171.81,1289.98,4812.82,10.0,5427.18,4984.63,0.0,Low,Not Expected This Month,Keep Current Plan
U0103,2025-06-29,182.19,368.78,2527.53,10478.92,10.0,0.0,10847.7,607.7,High,Already Exhausted,Consider Data Add-on
U0104,2025-06-29,156.67,85.99,606.04,2400.74,3.0,671.26,2486.73,0.0,Low,2025-07-07,Keep Current Plan
U0105,2025-06-29,190.31,234.65,1766.84,7509.33,10.0,2730.67,7743.98,0.0,Low,Not Expected This Month,Keep Current Plan
U0106,2025-06-29,220.37,332.76,2269.98,9327.09,10.0,912.91,9659.85,0.0,Medium,2025-07-02,Reduce Streaming Usage
U0107,2025-06-29,468.67,242.6,1684.18,6619.22,10.0,3620.78,6861.82,0.0,Low,Not Expected This Month,Keep Current Plan
U0108,2025-06-29,310.6,423.66,3125.57,13341.68,10.0,0.0,13765.34,3525.34,High,Already Exhausted,Consider Data Add-on
U0109,2025-06-29,564.96,306.69,2141.67,8590.43,10.0,1649.57,8897.12,0.0,Medium,2025-07-05,Monitor Usage
U0110,2025-06-29,440.48,278.11,1992.9,8313.65,10.0,1926.35,8591.76,0.0,Low,2025-07-06,Keep Current Plan
U0111,2025-06-29,72.47,117.37,865.1,3378.8,10.0,6861.2,3496.17,0.0,Low,Not Expected This Month,Keep Current Plan
U0112,2025-06-29,732.92,358.38,2469.16,9971.12,10.0,268.88,10329.5,89.5,High,2025-06-30,Consider Data Add-on
U0113,2025-06-29,447.61,307.31,2121.12,8764.07,10.0,1475.93,9071.38,0.0,Medium,2025-07-04,Monitor Usage
U0114,2025-06-29,81.48,284.14,2042.61,9126.37,10.0,1113.63,9410.51,0.0,Medium,2025-07-03,Reduce Streaming Usage
U0115,2025-06-29,141.43,250.29,1804.32,8212.22,10.0,2027.78,8462.51,0.0,Low,2025-07-07,Keep Current Plan
U0116,2025-06-29,125.59,233.61,1752.5,7619.3,10.0,2620.7,7852.91,0.0,Low,Not Expected This Month,Keep Current Plan
U0117,2025-06-29,333.79,364.84,2565.12,10764.84,10.0,0.0,11129.68,889.68,High,Already Exhausted,Consider Data Add-on
U0118,2025-06-29,233.95,196.0,1377.62,5248.64,10.0,4991.36,5444.64,0.0,Low,Not Expected This Month,Keep Current Plan
U0119,2025-06-29,468.01,269.33,1874.94,7567.96,10.0,2672.04,7837.29,0.0,Low,Not Expected This Month,Keep Current Plan
U0120,2025-06-29,80.09,168.04,1218.68,4543.59,10.0,5696.41,4711.63,0.0,Low,Not Expected This Month,Keep Current Plan
U0121,2025-06-29,81.25,135.86,973.07,4106.21,5.0,1013.79,4242.07,0.0,Low,2025-07-07,Keep Current Plan
U0122,2025-06-29,201.93,334.18,2362.35,10245.77,10.0,0.0,10579.95,339.95,High,Already Exhausted,Consider Data Add-on
U0123,2025-06-29,447.25,238.8,1691.39,6557.51,10.0,3682.49,6796.31,0.0,Low,Not Expected This Month,Keep Current Plan
U0124,2025-06-29,523.33,282.7,1974.1,9081.06,10.0,1158.94,9363.76,0.0,Medium,2025-07-04,Reduce Streaming Usage
U0125,2025-06-29,818.4,384.08,2666.74,10733.32,10.0,0.0,11117.4,877.4,High,Already Exhausted,Consider Data Add-on
U0126,2025-06-29,479.37,475.5,3324.19,13767.83,10.0,0.0,14243.33,4003.33,High,Already Exhausted,Consider Data Add-on
U0127,2025-06-29,173.83,129.95,901.43,3565.93,5.0,1554.07,3695.88,0.0,Low,Not Expected This Month,Keep Current Plan
U0128,2025-06-29,90.89,237.71,1690.15,6946.39,10.0,3293.61,7184.1,0.0,Low,Not Expected This Month,Keep Current Plan
U0129,2025-06-29,157.86,267.47,1955.09,8085.47,10.0,2154.53,8352.94,0.0,Low,2025-07-07,Keep Current Plan
U0130,2025-06-29,981.69,484.34,3376.57,14538.1,10.0,0.0,15022.44,4782.44,High,Already Exhausted,Consider Data Add-on
U0131,2025-06-29,332.4,240.24,1681.49,7705.89,10.0,2534.11,7946.13,0.0,Low,Not Expected This Month,Keep Current Plan
U0132,2025-06-29,516.81,224.52,1544.15,5745.0,10.0,4495.0,5969.52,0.0,Low,Not Expected This Month,Keep Current Plan
U0133,2025-06-29,187.05,438.87,3048.42,12709.69,10.0,0.0,13148.56,2908.56,High,Already Exhausted,Consider Data Add-on
U0134,2025-06-29,218.2,380.85,2646.33,11295.92,10.0,0.0,11676.77,1436.77,High,Already Exhausted,Consider Data Add-on
U0135,2025-06-29,210.1,190.98,1399.26,5288.5,10.0,4951.5,5479.48,0.0,Low,Not Expected This Month,Keep Current Plan
U0136,2025-06-29,94.82,81.78,574.36,2322.85,3.0,749.15,2404.63,0.0,Low,Not Expected This Month,Keep Current Plan
U0137,2025-06-29,381.82,187.33,1300.6,5305.35,5.0,0.0,5492.68,372.68,High,Already Exhausted,Consider Data Add-on
U0138,2025-06-29,124.54,111.04,806.68,3481.49,5.0,1638.51,3592.53,0.0,Low,Not Expected This Month,Keep Current Plan
U0139,2025-06-29,175.03,187.04,1337.56,4886.75,10.0,5353.25,5073.79,0.0,Low,Not Expected This Month,Keep Current Plan
U0140,2025-06-29,326.92,241.44,1714.4,7585.46,10.0,2654.54,7826.9,0.0,Low,Not Expected This Month,Keep Current Plan
U0141,2025-06-29,625.69,319.03,2053.41,7895.27,10.0,2344.73,8214.3,0.0,Low,2025-07-07,Keep Current Plan
U0142,2025-06-29,80.79,197.49,1422.92,5874.33,10.0,4365.67,6071.82,0.0,Low,Not Expected This Month,Keep Current Plan
U0143,2025-06-29,302.26,287.3,2007.29,8444.61,10.0,1795.39,8731.91,0.0,Medium,2025-07-06,Monitor Usage
U0144,2025-06-29,277.85,94.15,642.75,2645.25,3.0,426.75,2739.4,0.0,Medium,2025-07-04,Monitor Usage
U0145,2025-06-29,234.35,279.87,1967.91,7742.04,10.0,2497.96,8021.91,0.0,Low,Not Expected This Month,Keep Current Plan
U0146,2025-06-29,754.53,526.86,3762.83,16481.05,10.0,0.0,17007.91,6767.91,High,Already Exhausted,Consider Higher Data Plan
U0147,2025-06-29,343.95,148.79,996.7,4846.52,5.0,273.48,4995.31,0.0,Medium,2025-07-01,Reduce Streaming Usage
U0148,2025-06-29,633.13,489.23,3475.61,15264.23,10.0,0.0,15753.46,5513.46,High,Already Exhausted,Consider Higher Data Plan
U0149,2025-06-29,169.32,254.38,1860.16,7114.95,10.0,3125.05,7369.33,0.0,Low,Not Expected This Month,Keep Current Plan
U0150,2025-06-29,850.04,491.31,3282.84,14678.86,10.0,0.0,15170.17,4930.17,High,Already Exhausted,Consider Data Add-on
U0151,2025-06-29,530.8,229.23,1558.53,6091.96,10.0,4148.04,6321.19,0.0,Low,Not Expected This Month,Keep Current Plan
U0152,2025-06-29,139.36,158.01,1162.39,4576.14,10.0,5663.86,4734.15,0.0,Low,Not Expected This Month,Keep Current Plan
U0153,2025-06-29,243.65,237.55,1713.79,7391.8,10.0,2848.2,7629.35,0.0,Low,Not Expected This Month,Keep Current Plan
U0154,2025-06-29,689.0,428.5,3057.42,13188.79,10.0,0.0,13617.29,3377.29,High,Already Exhausted,Consider Data Add-on
U0155,2025-06-29,676.06,375.39,2528.28,10162.48,10.0,77.52,10537.87,297.87,High,2025-06-30,Consider Data Add-on
U0156,2025-06-29,44.33,77.84,568.17,2613.56,5.0,2506.44,2691.4,0.0,Low,Not Expected This Month,Keep Current Plan
U0157,2025-06-29,325.05,183.83,1337.79,4671.68,10.0,5568.32,4855.51,0.0,Low,Not Expected This Month,Keep Current Plan
U0158,2025-06-29,252.05,153.63,1052.81,4331.99,5.0,788.01,4485.62,0.0,Medium,2025-07-05,Monitor Usage
U0159,2025-06-29,166.56,185.76,1313.6,4948.29,10.0,5291.71,5134.05,0.0,Low,Not Expected This Month,Keep Current Plan
U0160,2025-06-29,178.81,96.02,675.03,2655.05,3.0,416.95,2751.07,0.0,Medium,2025-07-04,Monitor Usage
U0161,2025-06-29,216.92,114.54,823.55,3266.04,3.0,0.0,3380.58,308.58,High,Already Exhausted,Consider Data Add-on
U0162,2025-06-29,598.49,450.72,3094.55,13461.77,10.0,0.0,13912.49,3672.49,High,Already Exhausted,Consider Data Add-on
U0163,2025-06-29,396.68,235.86,1667.49,6289.45,10.0,3950.55,6525.31,0.0,Low,Not Expected This Month,Keep Current Plan
U0164,2025-06-29,203.2,215.01,1594.68,6979.23,10.0,3260.77,7194.24,0.0,Low,Not Expected This Month,Keep Current Plan
U0165,2025-06-29,788.11,414.83,2782.71,11739.66,10.0,0.0,12154.49,1914.49,High,Already Exhausted,Consider Data Add-on
U0166,2025-06-29,296.1,260.88,1826.31,7664.0,10.0,2576.0,7924.88,0.0,Low,Not Expected This Month,Keep Current Plan
U0167,2025-06-29,220.84,290.4,2071.24,7959.31,10.0,2280.69,8249.71,0.0,Low,2025-07-07,Keep Current Plan
U0168,2025-06-29,125.1,233.31,1728.56,6690.32,10.0,3549.68,6923.63,0.0,Low,Not Expected This Month,Keep Current Plan
U0169,2025-06-29,122.49,278.49,2049.07,8970.36,10.0,1269.64,9248.84,0.0,Medium,2025-07-04,Reduce Streaming Usage
U0170,2025-06-29,219.45,252.95,1785.0,7064.69,10.0,3175.31,7317.64,0.0,Low,Not Expected This Month,Keep Current Plan
U0171,2025-06-29,144.46,88.65,652.26,2400.54,5.0,2719.46,2489.19,0.0,Low,Not Expected This Month,Keep Current Plan
U0172,2025-06-29,298.16,463.41,3247.83,14202.69,10.0,0.0,14666.1,4426.1,High,Already Exhausted,Consider Data Add-on
U0173,2025-06-29,449.96,316.98,2224.7,8833.6,10.0,1406.4,9150.58,0.0,Medium,2025-07-04,Monitor Usage
U0174,2025-06-29,141.66,217.36,1592.39,6174.25,10.0,4065.75,6391.61,0.0,Low,Not Expected This Month,Keep Current Plan
U0175,2025-06-29,388.04,206.48,1412.21,5445.03,10.0,4794.97,5651.51,0.0,Low,Not Expected This Month,Keep Current Plan
U0176,2025-06-29,226.24,279.2,1974.82,7904.35,10.0,2335.65,8183.55,0.0,Low,Not Expected This Month,Keep Current Plan
U0177,2025-06-29,482.42,269.42,1907.22,7417.57,10.0,2822.43,7686.99,0.0,Low,Not Expected This Month,Keep Current Plan
U0178,2025-06-29,472.85,234.51,1536.27,5923.29,10.0,4316.71,6157.8,0.0,Low,Not Expected This Month,Keep Current Plan
U0179,2025-06-29,455.14,307.72,2150.92,8732.65,10.0,1507.35,9040.37,0.0,Medium,2025-07-04,Monitor Usage
U0180,2025-06-29,256.71,103.65,709.72,2717.07,5.0,2402.93,2820.72,0.0,Low,Not Expected This Month,Keep Current Plan
U0181,2025-06-29,105.37,245.75,1766.8,7840.04,10.0,2399.96,8085.79,0.0,Low,Not Expected This Month,Keep Current Plan
U0182,2025-06-29,342.58,408.13,2767.66,11882.91,10.0,0.0,12291.04,2051.04,High,Already Exhausted,Consider Data Add-on
U0183,2025-06-29,486.43,332.02,2327.54,9600.66,10.0,639.34,9932.68,0.0,Medium,2025-07-01,Reduce Streaming Usage
U0184,2025-06-29,463.97,205.56,1390.43,5298.79,10.0,4941.21,5504.35,0.0,Low,Not Expected This Month,Keep Current Plan
U0185,2025-06-29,145.57,200.24,1481.71,6008.93,10.0,4231.07,6209.17,0.0,Low,Not Expected This Month,Keep Current Plan
U0186,2025-06-29,92.45,133.88,974.17,4130.88,5.0,989.12,4264.76,0.0,Low,2025-07-07,Keep Current Plan
U0187,2025-06-29,390.09,224.97,1580.09,6711.55,10.0,3528.45,6936.52,0.0,Low,Not Expected This Month,Keep Current Plan
U0188,2025-06-29,450.73,273.22,1931.01,7365.41,10.0,2874.59,7638.63,0.0,Low,Not Expected This Month,Keep Current Plan
U0189,2025-06-29,77.32,76.52,569.42,2319.78,3.0,752.22,2396.3,0.0,Low,Not Expected This Month,Keep Current Plan
U0190,2025-06-29,240.41,284.34,2064.64,8944.06,10.0,1295.94,9228.4,0.0,Medium,2025-07-04,Reduce Streaming Usage
U0191,2025-06-29,75.91,146.04,1112.29,4163.37,10.0,6076.63,4309.41,0.0,Low,Not Expected This Month,Keep Current Plan
U0192,2025-06-29,625.23,423.28,2780.87,11677.06,10.0,0.0,12100.34,1860.34,High,Already Exhausted,Consider Data Add-on
U0193,2025-06-29,117.04,87.46,614.69,2825.95,5.0,2294.05,2913.41,0.0,Low,Not Expected This Month,Keep Current Plan
U0194,2025-06-29,90.85,189.71,1398.33,5171.48,10.0,5068.52,5361.19,0.0,Low,Not Expected This Month,Keep Current Plan
U0195,2025-06-29,275.02,384.42,2650.6,11943.65,10.0,0.0,12328.07,2088.07,High,Already Exhausted,Consider Data Add-on
U0196,2025-06-29,241.88,159.62,1121.66,4555.26,10.0,5684.74,4714.88,0.0,Low,Not Expected This Month,Keep Current Plan
U0197,2025-06-29,70.05,77.96,571.98,2347.86,5.0,2772.14,2425.82,0.0,Low,Not Expected This Month,Keep Current Plan
U0198,2025-06-29,196.07,107.46,758.08,3507.11,5.0,1612.89,3614.57,0.0,Low,Not Expected This Month,Keep Current Plan
U0199,2025-06-29,373.51,238.49,1677.63,6493.51,10.0,3746.49,6732.0,0.0,Low,Not Expected This Month,Keep Current Plan
U0200,2025-06-29,176.7,162.93,1194.32,4301.68,10.0,5938.32,4464.61,0.0,Low,Not Expected This Month,Keep Current Plan
U0201,2025-06-29,958.99,512.03,3393.61,14523.76,10.0,0.0,15035.79,4795.79,High,Already Exhausted,Consider Data Add-on
U0202,2025-06-29,152.47,274.63,1940.22,8368.33,10.0,1871.67,8642.96,0.0,Low,2025-07-06,Keep Current Plan
U0203,2025-06-29,186.59,210.35,1500.87,6195.57,10.0,4044.43,6405.92,0.0,Low,Not Expected This Month,Keep Current Plan
U0204,2025-06-29,363.72,463.64,3234.67,14168.12,10.0,0.0,14631.76,4391.76,High,Already Exhausted,Consider Data Add-on
U0205,2025-06-29,544.55,260.9,1754.43,6571.37,10.0,3668.63,6832.27,0.0,Low,Not Expected This Month,Keep Current Plan
U0206,2025-06-29,435.22,247.87,1655.03,6429.07,10.0,3810.93,6676.94,0.0,Low,Not Expected This Month,Keep Current Plan
U0207,2025-06-29,270.06,430.95,3008.1,13824.87,10.0,0.0,14255.82,4015.82,High,Already Exhausted,Consider Data Add-on
U0208,2025-06-29,126.59,305.43,2255.68,9379.2,10.0,860.8,9684.63,0.0,Medium,2025-07-02,Reduce Streaming Usage
U0209,2025-06-29,565.94,302.77,1953.41,8632.04,10.0,1607.96,8934.81,0.0,Medium,2025-07-05,Monitor Usage
U0210,2025-06-29,625.2,364.28,2435.01,10110.65,10.0,129.35,10474.93,234.93,High,2025-06-30,Consider Data Add-on
U0211,2025-06-29,82.29,63.96,481.05,2407.88,3.0,664.12,2471.84,0.0,Low,Not Expected This Month,Keep Current Plan
U0212,2025-06-29,183.08,283.46,2033.67,8094.46,10.0,2145.54,8377.92,0.0,Low,2025-07-07,Keep Current Plan
U0213,2025-06-29,112.75,107.85,784.5,3592.63,5.0,1527.37,3700.48,0.0,Low,Not Expected This Month,Keep Current Plan
U0214,2025-06-29,51.61,64.82,498.08,1857.66,3.0,1214.34,1922.48,0.0,Low,Not Expected This Month,Keep Current Plan
U0215,2025-06-29,170.08,207.19,1456.53,5548.05,10.0,4691.95,5755.24,0.0,Low,Not Expected This Month,Keep Current Plan
U0216,2025-06-29,376.23,281.71,1966.98,7689.04,10.0,2550.96,7970.74,0.0,Low,Not Expected This Month,Keep Current Plan
U0217,2025-06-29,200.08,436.19,3055.95,13993.18,10.0,0.0,14429.37,4189.37,High,Already Exhausted,Consider Data Add-on
U0218,2025-06-29,280.61,295.71,2105.21,8789.63,10.0,1450.37,9085.34,0.0,Medium,2025-07-04,Monitor Usage
U0219,2025-06-29,268.49,341.52,2529.44,10813.96,10.0,0.0,11155.48,915.48,High,Already Exhausted,Consider Data Add-on
U0220,2025-06-29,95.92,195.49,1423.06,6008.71,5.0,0.0,6204.2,1084.2,High,Already Exhausted,Consider Data Add-on
U0221,2025-06-29,139.74,223.88,1645.07,6434.19,10.0,3805.81,6658.07,0.0,Low,Not Expected This Month,Keep Current Plan
U0222,2025-06-29,532.63,237.2,1604.72,7197.32,10.0,3042.68,7434.52,0.0,Low,Not Expected This Month,Keep Current Plan
U0223,2025-06-29,176.99,118.31,875.11,3954.98,3.0,0.0,4073.28,1001.28,High,Already Exhausted,Consider Data Add-on
U0224,2025-06-29,700.23,508.91,3592.0,16191.57,10.0,0.0,16700.48,6460.48,High,Already Exhausted,Consider Higher Data Plan
U0225,2025-06-29,370.03,219.06,1506.08,6640.04,5.0,0.0,6859.1,1739.1,High,Already Exhausted,Consider Data Add-on
U0226,2025-06-29,123.28,148.58,1091.49,4470.21,10.0,5769.79,4618.79,0.0,Low,Not Expected This Month,Keep Current Plan
U0227,2025-06-29,250.3,260.3,1828.02,7907.01,10.0,2332.99,8167.31,0.0,Low,Not Expected This Month,Keep Current Plan
U0228,2025-06-29,456.27,246.83,1711.05,6847.24,10.0,3392.76,7094.07,0.0,Low,Not Expected This Month,Keep Current Plan
U0229,2025-06-29,55.87,73.02,551.92,2046.84,3.0,1025.16,2119.86,0.0,Low,Not Expected This Month,Keep Current Plan
U0230,2025-06-29,46.41,70.1,540.95,1928.78,3.0,1143.22,1998.88,0.0,Low,Not Expected This Month,Keep Current Plan
U0231,2025-06-29,145.39,147.95,1096.82,4541.7,10.0,5698.3,4689.65,0.0,Low,Not Expected This Month,Keep Current Plan
U0232,2025-06-29,793.2,442.72,3118.16,12651.61,10.0,0.0,13094.33,2854.33,High,Already Exhausted,Consider Data Add-on
U0233,2025-06-29,128.28,203.87,1475.51,5891.76,10.0,4348.24,6095.63,0.0,Low,Not Expected This Month,Keep Current Plan
U0234,2025-06-29,425.04,341.28,2370.51,10011.5,10.0,228.5,10352.78,112.78,High,2025-06-30,Consider Data Add-on
U0235,2025-06-29,627.72,298.36,2008.94,7856.57,10.0,2383.43,8154.93,0.0,Low,Not Expected This Month,Keep Current Plan
U0236,2025-06-29,976.07,688.54,4766.56,21043.16,10.0,0.0,21731.7,11491.7,High,Already Exhausted,Consider Higher Data Plan
U0237,2025-06-29,414.07,261.36,1830.55,7343.34,10.0,2896.66,7604.7,0.0,Low,Not Expected This Month,Keep Current Plan
U0238,2025-06-29,31.31,53.95,415.63,1579.84,1.5,0.0,1633.79,97.79,High,Already Exhausted,Consider Data Add-on
U0239,2025-06-29,504.47,450.91,3197.12,13334.9,10.0,0.0,13785.81,3545.81,High,Already Exhausted,Consider Data Add-on
U0240,2025-06-29,104.18,192.66,1410.67,5964.72,10.0,4275.28,6157.38,0.0,Low,Not Expected This Month,Keep Current Plan
U0241,2025-06-29,230.61,194.67,1391.38,5873.22,10.0,4366.78,6067.89,0.0,Low,Not Expected This Month,Keep Current Plan
U0242,2025-06-29,903.54,496.81,3383.55,14039.74,10.0,0.0,14536.55,4296.55,High,Already Exhausted,Consider Data Add-on
U0243,2025-06-29,29.71,74.15,575.57,2256.03,3.0,815.97,2330.18,0.0,Low,Not Expected This Month,Keep Current Plan
U0244,2025-06-29,245.72,270.49,1941.53,7648.55,10.0,2591.45,7919.04,0.0,Low,Not Expected This Month,Keep Current Plan
U0245,2025-06-29,261.21,383.27,2689.63,11279.28,10.0,0.0,11662.55,1422.55,High,Already Exhausted,Consider Data Add-on
U0246,2025-06-29,642.09,538.12,3664.52,15405.69,10.0,0.0,15943.81,5703.81,High,Already Exhausted,Consider Higher Data Plan
U0247,2025-06-29,648.82,289.2,1967.45,8025.66,10.0,2214.34,8314.86,0.0,Low,2025-07-07,Keep Current Plan
U0248,2025-06-29,619.5,345.77,2379.32,9479.59,10.0,760.41,9825.36,0.0,Medium,2025-07-02,Reduce Streaming Usage
U0249,2025-06-29,456.76,316.46,2154.87,9475.64,10.0,764.36,9792.1,0.0,Medium,2025-07-02,Reduce Streaming Usage
U0250,2025-06-29,793.0,691.9,4795.91,20521.62,10.0,0.0,21213.52,10973.52,High,Already Exhausted,Consider Higher Data Plan
U0251,2025-06-29,518.28,369.61,2636.62,11069.45,10.0,0.0,11439.06,1199.06,High,Already Exhausted,Consider Data Add-on
U0252,2025-06-29,381.69,280.34,2003.72,7891.06,10.0,2348.94,8171.4,0.0,Low,Not Expected This Month,Keep Current Plan
U0253,2025-06-29,65.69,97.55,751.19,3239.44,5.0,1880.56,3336.99,0.0,Low,Not Expected This Month,Keep Current Plan
U0254,2025-06-29,153.52,115.38,815.99,3037.16,5.0,2082.84,3152.54,0.0,Low,Not Expected This Month,Keep Current Plan
U0255,2025-06-29,123.96,229.01,1675.66,7214.56,10.0,3025.44,7443.56,0.0,Low,Not Expected This Month,Keep Current Plan
U0256,2025-06-29,640.84,330.97,2273.86,10082.11,10.0,157.89,10413.08,173.08,High,2025-06-30,Consider Data Add-on
U0257,2025-06-29,202.43,285.06,1982.3,8236.81,10.0,2003.19,8521.87,0.0,Low,2025-07-07,Keep Current Plan
U0258,2025-06-29,133.29,252.13,1778.93,7352.45,10.0,2887.55,7604.58,0.0,Low,Not Expected This Month,Keep Current Plan
U0259,2025-06-29,92.58,261.38,1903.02,7683.43,10.0,2556.57,7944.81,0.0,Low,Not Expected This Month,Keep Current Plan
U0260,2025-06-29,350.65,281.27,1915.9,7658.48,10.0,2581.52,7939.75,0.0,Low,Not Expected This Month,Keep Current Plan
U0261,2025-06-29,693.82,602.93,4194.03,17903.89,10.0,0.0,18506.82,8266.82,High,Already Exhausted,Consider Higher Data Plan
U0262,2025-06-29,112.98,69.27,534.04,2566.78,2.0,0.0,2636.05,588.05,High,Already Exhausted,Consider Data Add-on
U0263,2025-06-29,403.24,279.51,1985.13,8233.86,10.0,2006.14,8513.37,0.0,Low,2025-07-07,Keep Current Plan
U0264,2025-06-29,283.92,545.65,3857.59,16728.69,10.0,0.0,17274.34,7034.34,High,Already Exhausted,Consider Higher Data Plan
U0265,2025-06-29,116.49,277.42,2051.95,9027.24,10.0,1212.76,9304.66,0.0,Medium,2025-07-04,Reduce Streaming Usage
U0266,2025-06-29,525.25,229.5,1588.23,6927.31,10.0,3312.69,7156.81,0.0,Low,Not Expected This Month,Keep Current Plan
U0267,2025-06-29,275.35,407.44,2851.86,12473.32,10.0,0.0,12880.76,2640.76,High,Already Exhausted,Consider Data Add-on
U0268,2025-06-29,1001.49,351.9,2390.05,10345.56,10.0,0.0,10697.46,457.46,High,Already Exhausted,Consider Data Add-on
U0269,2025-06-29,323.87,622.3,4442.88,19442.56,10.0,0.0,20064.86,9824.86,High,Already Exhausted,Consider Higher Data Plan
U0270,2025-06-29,173.75,278.17,2047.66,8823.15,10.0,1416.85,9101.32,0.0,Medium,2025-07-04,Monitor Usage
U0271,2025-06-29,98.49,249.78,1822.61,7171.93,10.0,3068.07,7421.71,0.0,Low,Not Expected This Month,Keep Current Plan
U0272,2025-06-29,295.81,267.05,1916.29,9109.78,10.0,1130.22,9376.83,0.0,Medium,2025-07-04,Reduce Streaming Usage
U0273,2025-06-29,395.52,342.25,2476.75,10341.61,10.0,0.0,10683.86,443.86,High,Already Exhausted,Consider Data Add-on
U0274,2025-06-29,112.59,184.1,1390.59,5215.03,10.0,5024.97,5399.13,0.0,Low,Not Expected This Month,Keep Current Plan
U0275,2025-06-29,290.88,409.24,2826.72,11494.83,10.0,0.0,11904.07,1664.07,High,Already Exhausted,Consider Data Add-on
U0276,2025-06-29,287.83,157.75,1124.29,4314.86,5.0,805.14,4472.61,0.0,Medium,2025-07-05,Monitor Usage
U0277,2025-06-29,109.94,74.44,554.49,2108.44,2.0,0.0,2182.88,134.88,High,Already Exhausted,Consider Data Add-on
U0278,2025-06-29,1001.49,259.89,1662.66,6156.01,10.0,4083.99,6415.9,0.0,Low,Not Expected This Month,Keep Current Plan
U0279,2025-06-29,503.22,212.61,1486.93,6819.42,5.0,0.0,7032.03,1912.03,High,Already Exhausted,Consider Data Add-on
U0280,2025-06-29,561.1,516.01,3679.97,15679.07,10.0,0.0,16195.08,5955.08,High,Already Exhausted,Consider Higher Data Plan
U0281,2025-06-29,322.42,219.93,1570.39,6054.94,10.0,4185.06,6274.87,0.0,Low,Not Expected This Month,Keep Current Plan
U0282,2025-06-29,750.04,463.66,3041.65,12798.68,10.0,0.0,13262.34,3022.34,High,Already Exhausted,Consider Data Add-on
U0283,2025-06-29,547.64,317.17,2202.49,8770.53,10.0,1469.47,9087.7,0.0,Medium,2025-07-04,Monitor Usage
U0284,2025-06-29,119.67,186.96,1365.32,5266.58,10.0,4973.42,5453.54,0.0,Low,Not Expected This Month,Keep Current Plan
U0285,2025-06-29,423.98,325.03,2309.95,9258.34,10.0,981.66,9583.37,0.0,Medium,2025-07-03,Reduce Streaming Usage
U0286,2025-06-29,139.76,179.11,1343.55,4901.14,10.0,5338.86,5080.25,0.0,Low,Not Expected This Month,Keep Current Plan
U0287,2025-06-29,139.45,202.2,1525.68,6330.5,10.0,3909.5,6532.7,0.0,Low,Not Expected This Month,Keep Current Plan
U0288,2025-06-29,780.38,323.58,2084.85,8401.13,10.0,1838.87,8724.71,0.0,Medium,2025-07-06,Monitor Usage
U0289,2025-06-29,212.83,372.23,2696.85,11512.78,10.0,0.0,11885.01,1645.01,High,Already Exhausted,Consider Data Add-on
U0290,2025-06-29,198.78,162.86,1169.78,4665.4,10.0,5574.6,4828.26,0.0,Low,Not Expected This Month,Keep Current Plan
U0291,2025-06-29,195.17,149.19,1062.11,3982.17,10.0,6257.83,4131.36,0.0,Low,Not Expected This Month,Keep Current Plan
U0292,2025-06-29,182.97,351.9,2465.91,10617.23,10.0,0.0,10969.13,729.13,High,Already Exhausted,Consider Data Add-on
U0293,2025-06-29,256.86,198.12,1410.11,6225.02,10.0,4014.98,6423.14,0.0,Low,Not Expected This Month,Keep Current Plan
U0294,2025-06-29,79.23,80.93,600.27,2620.0,5.0,2500.0,2700.93,0.0,Low,Not Expected This Month,Keep Current Plan
U0295,2025-06-29,40.88,72.12,535.75,2256.63,3.0,815.37,2328.75,0.0,Low,Not Expected This Month,Keep Current Plan
U0296,2025-06-29,157.43,274.63,2036.03,8128.41,10.0,2111.59,8403.04,0.0,Low,2025-07-07,Keep Current Plan
U0297,2025-06-29,802.3,397.0,2664.47,12534.19,10.0,0.0,12931.19,2691.19,High,Already Exhausted,Consider Data Add-on
U0298,2025-06-29,95.95,71.89,521.91,2237.13,3.0,834.87,2309.02,0.0,Low,Not Expected This Month,Keep Current Plan
U0299,2025-06-29,147.64,285.51,2122.41,9165.11,10.0,1074.89,9450.62,0.0,Medium,2025-07-03,Reduce Streaming Usage
U0300,2025-06-29,551.25,271.11,1916.85,8837.98,10.0,1402.02,9109.09,0.0,Medium,2025-07-05,Monitor Usage
U0301,2025-06-29,69.29,107.82,789.56,3149.49,5.0,1970.51,3257.31,0.0,Low,Not Expected This Month,Keep Current Plan
U0302,2025-06-29,594.91,491.62,3319.91,13753.67,10.0,0.0,14245.29,4005.29,High,Already Exhausted,Consider Data Add-on
U0303,2025-06-29,199.45,244.77,1736.26,7949.89,5.0,0.0,8194.66,3074.66,High,Already Exhausted,Consider Higher Data Plan
U0304,2025-06-29,452.6,360.9,2441.25,10592.97,10.0,0.0,10953.87,713.87,High,Already Exhausted,Consider Data Add-on
U0305,2025-06-29,273.1,490.18,3578.86,14645.14,10.0,0.0,15135.32,4895.32,High,Already Exhausted,Consider Data Add-on
U0306,2025-06-29,281.65,246.15,1784.64,7679.46,5.0,0.0,7925.61,2805.61,High,Already Exhausted,Consider Higher Data Plan
U0307,2025-06-29,347.31,229.56,1648.93,6672.3,10.0,3567.7,6901.86,0.0,Low,Not Expected This Month,Keep Current Plan
U0308,2025-06-29,149.44,234.75,1731.29,8050.46,10.0,2189.54,8285.21,0.0,Low,Not Expected This Month,Keep Current Plan
U0309,2025-06-29,397.67,308.49,2111.42,8615.64,10.0,1624.36,8924.13,0.0,Medium,2025-07-05,Monitor Usage
U0310,2025-06-29,84.86,126.91,929.13,4042.54,5.0,1077.46,4169.45,0.0,Low,Not Expected This Month,Keep Current Plan
U0311,2025-06-29,160.52,136.74,1004.47,3765.48,5.0,1354.52,3902.22,0.0,Low,Not Expected This Month,Keep Current Plan
U0312,2025-06-29,126.66,84.72,622.43,2072.14,5.0,3047.86,2156.86,0.0,Low,Not Expected This Month,Keep Current Plan
U0313,2025-06-29,164.66,258.45,1944.89,8963.4,10.0,1276.6,9221.85,0.0,Medium,2025-07-04,Reduce Streaming Usage
U0314,2025-06-29,676.04,509.35,3518.96,15444.42,10.0,0.0,15953.77,5713.77,High,Already Exhausted,Consider Higher Data Plan
U0315,2025-06-29,113.05,220.21,1545.52,5932.14,10.0,4307.86,6152.35,0.0,Low,Not Expected This Month,Keep Current Plan
U0316,2025-06-29,154.59,166.69,1228.32,5254.34,10.0,4985.66,5421.03,0.0,Low,Not Expected This Month,Keep Current Plan
U0317,2025-06-29,129.8,213.89,1538.62,6738.73,10.0,3501.27,6952.62,0.0,Low,Not Expected This Month,Keep Current Plan
U0318,2025-06-29,659.44,215.73,1472.92,6118.83,10.0,4121.17,6334.56,0.0,Low,Not Expected This Month,Keep Current Plan
U0319,2025-06-29,69.73,137.63,1009.95,3778.08,10.0,6461.92,3915.71,0.0,Low,Not Expected This Month,Keep Current Plan
U0320,2025-06-29,121.1,216.46,1642.33,6168.76,10.0,4071.24,6385.22,0.0,Low,Not Expected This Month,Keep Current Plan
U0321,2025-06-29,260.8,243.19,1709.53,6755.32,10.0,3484.68,6998.51,0.0,Low,Not Expected This Month,Keep Current Plan
U0322,2025-06-29,666.35,519.72,3618.47,16678.24,10.0,0.0,17197.96,6957.96,High,Already Exhausted,Consider Higher Data Plan
U0323,2025-06-29,414.89,442.4,3171.97,13785.45,10.0,0.0,14227.85,3987.85,High,Already Exhausted,Consider Data Add-on
U0324,2025-06-29,615.96,311.91,2107.78,8497.08,10.0,1742.92,8808.99,0.0,Medium,2025-07-05,Monitor Usage
U0325,2025-06-29,98.27,171.11,1200.32,5678.54,5.0,0.0,5849.65,729.65,High,Already Exhausted,Consider Data Add-on
U0326,2025-06-29,98.43,127.11,955.96,3719.28,5.0,1400.72,3846.39,0.0,Low,Not Expected This Month,Keep Current Plan
U0327,2025-06-29,159.93,275.12,2028.23,7845.85,10.0,2394.15,8120.97,0.0,Low,Not Expected This Month,Keep Current Plan
U0328,2025-06-29,620.94,481.66,3245.34,13676.05,10.0,0.0,14157.71,3917.71,High,Already Exhausted,Consider Data Add-on
U0329,2025-06-29,184.2,346.65,2462.4,10487.61,10.0,0.0,10834.26,594.26,High,Already Exhausted,Consider Data Add-on
U0330,2025-06-29,185.83,276.76,1928.58,7791.38,10.0,2448.62,8068.14,0.0,Low,Not Expected This Month,Keep Current Plan
U0331,2025-06-29,95.74,178.78,1287.8,5282.56,5.0,0.0,5461.34,341.34,High,Already Exhausted,Consider Data Add-on
U0332,2025-06-29,216.15,209.84,1465.34,5662.55,10.0,4577.45,5872.39,0.0,Low,Not Expected This Month,Keep Current Plan
U0333,2025-06-29,35.47,62.02,481.08,1783.92,2.0,264.08,1845.94,0.0,Medium,2025-07-04,Reduce Streaming Usage
U0334,2025-06-29,219.42,137.36,998.77,3760.26,5.0,1359.74,3897.62,0.0,Low,Not Expected This Month,Keep Current Plan
U0335,2025-06-29,20.0,57.32,443.76,1805.53,3.0,1266.47,1862.85,0.0,Low,Not Expected This Month,Keep Current Plan
U0336,2025-06-29,306.93,297.37,2125.37,10039.19,10.0,200.81,10336.56,96.56,High,2025-06-30,Consider Data Add-on
U0337,2025-06-29,238.96,110.8,750.01,3461.34,2.0,0.0,3572.14,1524.14,High,Already Exhausted,Consider Higher Data Plan
U0338,2025-06-29,137.36,166.6,1202.98,4555.72,10.0,5684.28,4722.32,0.0,Low,Not Expected This Month,Keep Current Plan
U0339,2025-06-29,307.17,408.46,2938.77,12333.7,10.0,0.0,12742.16,2502.16,High,Already Exhausted,Consider Data Add-on
U0340,2025-06-29,451.3,391.58,2747.72,11894.04,10.0,0.0,12285.62,2045.62,High,Already Exhausted,Consider Data Add-on
U0341,2025-06-29,186.25,268.94,1958.46,8644.46,10.0,1595.54,8913.4,0.0,Medium,2025-07-05,Monitor Usage
U0342,2025-06-29,98.49,162.9,1174.13,4260.81,10.0,5979.19,4423.71,0.0,Low,Not Expected This Month,Keep Current Plan
U0343,2025-06-29,245.92,449.14,3175.96,13622.03,10.0,0.0,14071.17,3831.17,High,Already Exhausted,Consider Data Add-on
U0344,2025-06-29,519.24,249.62,1718.22,7076.57,10.0,3163.43,7326.19,0.0,Low,Not Expected This Month,Keep Current Plan
U0345,2025-06-29,123.16,149.51,1069.07,3915.35,10.0,6324.65,4064.86,0.0,Low,Not Expected This Month,Keep Current Plan
U0346,2025-06-29,519.26,358.9,2440.44,10223.34,10.0,16.66,10582.24,342.24,High,2025-06-30,Consider Data Add-on
U0347,2025-06-29,409.0,230.59,1598.7,5956.42,10.0,4283.58,6187.01,0.0,Low,Not Expected This Month,Keep Current Plan
U0348,2025-06-29,656.65,277.87,1962.33,8906.08,10.0,1333.92,9183.95,0.0,Medium,2025-07-04,Monitor Usage
U0349,2025-06-29,63.14,63.04,470.58,2097.14,3.0,974.86,2160.18,0.0,Low,Not Expected This Month,Keep Current Plan
U0350,2025-06-29,36.56,64.5,502.84,1878.72,3.0,1193.28,1943.22,0.0,Low,Not Expected This Month,Keep Current Plan
U0351,2025-06-29,262.25,335.41,2343.35,10076.05,10.0,163.95,10411.46,171.46,High,2025-06-30,Consider Data Add-on
U0352,2025-06-29,120.62,176.74,1289.02,5049.8,10.0,5190.2,5226.54,0.0,Low,Not Expected This Month,Keep Current Plan
U0353,2025-06-29,196.48,143.54,1018.43,4153.48,10.0,6086.52,4297.02,0.0,Low,Not Expected This Month,Keep Current Plan
U0354,2025-06-29,183.28,96.54,679.89,3054.01,5.0,2065.99,3150.55,0.0,Low,Not Expected This Month,Keep Current Plan
U0355,2025-06-29,283.08,184.06,1221.21,5051.55,10.0,5188.45,5235.61,0.0,Low,Not Expected This Month,Keep Current Plan
U0356,2025-06-29,292.88,244.24,1735.74,6712.54,10.0,3527.46,6956.78,0.0,Low,Not Expected This Month,Keep Current Plan
U0357,2025-06-29,130.33,171.96,1183.89,4962.31,10.0,5277.69,5134.27,0.0,Low,Not Expected This Month,Keep Current Plan
U0358,2025-06-29,800.41,483.15,3362.27,13857.92,10.0,0.0,14341.07,4101.07,High,Already Exhausted,Consider Data Add-on
U0359,2025-06-29,164.28,116.0,846.25,3281.22,5.0,1838.78,3397.22,0.0,Low,Not Expected This Month,Keep Current Plan
U0360,2025-06-29,597.83,400.86,2751.14,11317.56,10.0,0.0,11718.42,1478.42,High,Already Exhausted,Consider Data Add-on
U0361,2025-06-29,258.04,260.01,1761.99,7056.8,10.0,3183.2,7316.81,0.0,Low,Not Expected This Month,Keep Current Plan
U0362,2025-06-29,68.42,73.82,547.18,2399.17,3.0,672.83,2472.99,0.0,Low,Not Expected This Month,Keep Current Plan
U0363,2025-06-29,269.19,146.79,1043.57,4666.72,3.0,0.0,4813.51,1741.51,High,Already Exhausted,Consider Higher Data Plan
U0364,2025-06-29,477.44,506.53,3574.86,15977.01,10.0,0.0,16483.54,6243.54,High,Already Exhausted,Consider Higher Data Plan
U0365,2025-06-29,376.01,232.46,1620.7,6280.71,10.0,3959.29,6513.17,0.0,Low,Not Expected This Month,Keep Current Plan
U0366,2025-06-29,481.68,287.19,1896.86,7935.87,10.0,2304.13,8223.06,0.0,Low,Not Expected This Month,Keep Current Plan
U0367,2025-06-29,217.11,200.89,1437.36,6007.98,10.0,4232.02,6208.87,0.0,Low,Not Expected This Month,Keep Current Plan
U0368,2025-06-29,246.49,176.11,1228.41,5198.38,10.0,5041.62,5374.49,0.0,Low,Not Expected This Month,Keep Current Plan
U0369,2025-06-29,1001.49,664.76,4589.93,20924.79,10.0,0.0,21589.55,11349.55,High,Already Exhausted,Consider Higher Data Plan
U0370,2025-06-29,340.67,401.9,2877.42,12948.47,10.0,0.0,13350.37,3110.37,High,Already Exhausted,Consider Data Add-on
U0371,2025-06-29,162.02,231.07,1664.92,6987.44,10.0,3252.56,7218.51,0.0,Low,Not Expected This Month,Keep Current Plan
U0372,2025-06-29,60.95,57.34,436.71,1611.23,3.0,1460.77,1668.57,0.0,Low,Not Expected This Month,Keep Current Plan
U0373,2025-06-29,333.1,276.91,1914.77,7926.85,10.0,2313.15,8203.76,0.0,Low,Not Expected This Month,Keep Current Plan
U0374,2025-06-29,206.62,190.46,1381.43,5238.61,10.0,5001.39,5429.07,0.0,Low,Not Expected This Month,Keep Current Plan
U0375,2025-06-29,262.98,160.53,1135.5,4893.64,5.0,226.36,5054.17,0.0,Medium,2025-07-01,Reduce Streaming Usage
U0376,2025-06-29,98.33,114.72,855.45,3305.86,5.0,1814.14,3420.58,0.0,Low,Not Expected This Month,Keep Current Plan
U0377,2025-06-29,99.93,195.6,1446.3,5397.56,10.0,4842.44,5593.16,0.0,Low,Not Expected This Month,Keep Current Plan
U0378,2025-06-29,173.14,272.95,1964.14,8748.2,10.0,1491.8,9021.15,0.0,Medium,2025-07-05,Monitor Usage
U0379,2025-06-29,225.06,135.69,970.29,4635.87,3.0,0.0,4771.56,1699.56,High,Already Exhausted,Consider Higher Data Plan
U0380,2025-06-29,47.58,124.36,812.28,3857.75,3.0,0.0,3982.11,910.11,High,Already Exhausted,Consider Data Add-on
U0381,2025-06-29,21.64,40.44,332.97,1219.96,1.5,316.04,1260.4,0.0,Low,2025-07-06,Keep Current Plan
U0382,2025-06-29,242.39,185.45,1388.69,5841.97,10.0,4398.03,6027.42,0.0,Low,Not Expected This Month,Keep Current Plan
U0383,2025-06-29,368.02,188.76,1370.43,5462.63,5.0,0.0,5651.39,531.39,High,Already Exhausted,Consider Data Add-on
U0384,2025-06-29,485.27,322.92,2234.03,8993.37,10.0,1246.63,9316.29,0.0,Medium,2025-07-03,Reduce Streaming Usage
U0385,2025-06-29,97.91,189.81,1363.51,5068.68,10.0,5171.32,5258.49,0.0,Low,Not Expected This Month,Keep Current Plan
U0386,2025-06-29,132.06,255.74,1849.02,7565.13,10.0,2674.87,7820.87,0.0,Low,Not Expected This Month,Keep Current Plan
U0387,2025-06-29,274.06,259.69,1837.3,7231.69,10.0,3008.31,7491.38,0.0,Low,Not Expected This Month,Keep Current Plan
U0388,2025-06-29,380.89,282.86,2002.01,8780.35,10.0,1459.65,9063.21,0.0,Medium,2025-07-05,Monitor Usage
U0389,2025-06-29,131.5,203.94,1504.85,6860.45,10.0,3379.55,7064.39,0.0,Low,Not Expected This Month,Keep Current Plan
U0390,2025-06-29,601.6,360.83,2482.72,10816.85,10.0,0.0,11177.68,937.68,High,Already Exhausted,Consider Data Add-on
U0391,2025-06-29,254.12,241.47,1686.04,7276.68,10.0,2963.32,7518.15,0.0,Low,Not Expected This Month,Keep Current Plan
U0392,2025-06-29,313.32,200.7,1429.89,5472.91,10.0,4767.09,5673.61,0.0,Low,Not Expected This Month,Keep Current Plan
U0393,2025-06-29,250.42,277.23,1827.14,7656.01,10.0,2583.99,7933.24,0.0,Low,Not Expected This Month,Keep Current Plan
U0394,2025-06-29,373.07,349.65,2377.44,10125.51,10.0,114.49,10475.16,235.16,High,2025-06-30,Consider Data Add-on
U0395,2025-06-29,67.53,180.85,1367.05,5334.2,10.0,4905.8,5515.05,0.0,Low,Not Expected This Month,Keep Current Plan
U0396,2025-06-29,334.69,206.95,1462.21,6136.94,10.0,4103.06,6343.89,0.0,Low,Not Expected This Month,Keep Current Plan
U0397,2025-06-29,292.69,201.2,1379.93,5276.2,10.0,4963.8,5477.4,0.0,Low,Not Expected This Month,Keep Current Plan
U0398,2025-06-29,360.62,443.4,3037.32,13013.37,10.0,0.0,13456.77,3216.77,High,Already Exhausted,Consider Data Add-on
U0399,2025-06-29,96.9,129.85,918.98,3674.6,5.0,1445.4,3804.45,0.0,Low,Not Expected This Month,Keep Current Plan
U0400,2025-06-29,527.95,304.63,2058.32,8460.18,10.0,1779.82,8764.81,0.0,Medium,2025-07-06,Monitor Usage
U0401,2025-06-29,191.44,293.85,2164.09,8879.92,10.0,1360.08,9173.77,0.0,Medium,2025-07-04,Monitor Usage
U0402,2025-06-29,624.14,330.14,2212.54,9873.25,10.0,366.75,10203.39,0.0,Medium,2025-07-01,Reduce Streaming Usage
U0403,2025-06-29,252.13,103.23,702.69,3227.45,5.0,1892.55,3330.68,0.0,Low,Not Expected This Month,Keep Current Plan
U0404,2025-06-29,117.8,239.8,1656.25,6981.83,10.0,3258.17,7221.63,0.0,Low,Not Expected This Month,Keep Current Plan
U0405,2025-06-29,98.07,149.04,1094.14,4498.77,10.0,5741.24,4647.81,0.0,Low,Not Expected This Month,Keep Current Plan
U0406,2025-06-29,112.04,125.06,957.78,3913.0,10.0,6327.0,4038.06,0.0,Low,Not Expected This Month,Keep Current Plan
U0407,2025-06-29,114.2,178.64,1337.72,5154.24,10.0,5085.76,5332.88,0.0,Low,Not Expected This Month,Keep Current Plan
U0408,2025-06-29,302.52,282.42,2022.02,7884.54,10.0,2355.46,8166.96,0.0,Low,Not Expected This Month,Keep Current Plan
U0409,2025-06-29,419.51,281.12,1962.33,7918.48,10.0,2321.52,8199.6,0.0,Low,Not Expected This Month,Keep Current Plan
U0410,2025-06-29,218.7,157.4,1130.8,4562.14,10.0,5677.86,4719.54,0.0,Low,Not Expected This Month,Keep Current Plan
U0411,2025-06-29,333.91,280.74,1988.26,8311.82,10.0,1928.18,8592.56,0.0,Low,2025-07-06,Keep Current Plan
U0412,2025-06-29,77.49,75.01,551.68,2202.91,3.0,869.09,2277.92,0.0,Low,Not Expected This Month,Keep Current Plan
U0413,2025-06-29,595.45,406.25,2824.76,12037.73,10.0,0.0,12443.98,2203.98,High,Already Exhausted,Consider Data Add-on
U0414,2025-06-29,407.78,261.66,1807.39,7096.7,10.0,3143.3,7358.36,0.0,Low,Not Expected This Month,Keep Current Plan
U0415,2025-06-29,477.27,269.36,1918.3,7285.24,10.0,2954.76,7554.6,0.0,Low,Not Expected This Month,Keep Current Plan
U0416,2025-06-29,207.62,258.54,1845.91,8124.49,10.0,2115.51,8383.03,0.0,Low,Not Expected This Month,Keep Current Plan
U0417,2025-06-29,177.0,151.18,1158.85,5056.26,10.0,5183.74,5207.44,0.0,Low,Not Expected This Month,Keep Current Plan
U0418,2025-06-29,62.26,83.7,636.97,2726.65,5.0,2393.35,2810.35,0.0,Low,Not Expected This Month,Keep Current Plan
U0419,2025-06-29,392.54,347.9,2470.34,9886.15,10.0,353.85,10234.05,0.0,Medium,2025-07-01,Reduce Streaming Usage
U0420,2025-06-29,391.16,182.62,1326.61,5712.89,10.0,4527.11,5895.51,0.0,Low,Not Expected This Month,Keep Current Plan
U0421,2025-06-29,1001.49,565.62,3677.32,14971.82,10.0,0.0,15537.44,5297.44,High,Already Exhausted,Consider Higher Data Plan
U0422,2025-06-29,133.25,250.87,1822.62,8048.71,10.0,2191.29,8299.58,0.0,Low,Not Expected This Month,Keep Current Plan
U0423,2025-06-29,345.26,164.81,1176.42,4151.84,10.0,6088.16,4316.65,0.0,Low,Not Expected This Month,Keep Current Plan
U0424,2025-06-29,217.89,344.01,2466.73,10868.32,10.0,0.0,11212.33,972.33,High,Already Exhausted,Consider Data Add-on
U0425,2025-06-29,698.07,580.11,4097.67,16954.28,10.0,0.0,17534.39,7294.39,High,Already Exhausted,Consider Higher Data Plan
U0426,2025-06-29,343.13,221.7,1472.71,5556.28,10.0,4683.72,5777.98,0.0,Low,Not Expected This Month,Keep Current Plan
U0427,2025-06-29,52.55,66.11,494.97,2398.25,2.0,0.0,2464.36,416.36,High,Already Exhausted,Consider Data Add-on
U0428,2025-06-29,658.9,332.34,2310.81,9753.06,10.0,486.94,10085.4,0.0,Medium,2025-07-01,Reduce Streaming Usage
U0429,2025-06-29,191.49,122.33,844.25,3711.19,5.0,1408.81,3833.52,0.0,Low,Not Expected This Month,Keep Current Plan
U0430,2025-06-29,92.98,213.24,1486.21,5593.32,10.0,4646.68,5806.56,0.0,Low,Not Expected This Month,Keep Current Plan
U0431,2025-06-29,321.21,335.42,2313.52,9023.67,10.0,1216.33,9359.09,0.0,Medium,2025-07-03,Reduce Streaming Usage
U0432,2025-06-29,598.43,423.22,2865.11,11595.0,10.0,0.0,12018.22,1778.22,High,Already Exhausted,Consider Data Add-on
U0433,2025-06-29,211.97,252.6,1818.01,7176.54,10.0,3063.46,7429.14,0.0,Low,Not Expected This Month,Keep Current Plan
U0434,2025-06-29,110.14,254.29,1910.66,7249.48,10.0,2990.52,7503.77,0.0,Low,Not Expected This Month,Keep Current Plan
U0435,2025-06-29,493.41,524.9,3739.1,16339.01,10.0,0.0,16863.91,6623.91,High,Already Exhausted,Consider Higher Data Plan
U0436,2025-06-29,199.68,202.46,1450.97,5520.17,10.0,4719.83,5722.63,0.0,Low,Not Expected This Month,Keep Current Plan
U0437,2025-06-29,433.65,296.74,1968.3,8109.0,5.0,0.0,8405.74,3285.74,High,Already Exhausted,Consider Higher Data Plan
U0438,2025-06-29,68.89,108.2,769.59,2913.22,5.0,2206.78,3021.42,0.0,Low,Not Expected This Month,Keep Current Plan
U0439,2025-06-29,319.55,562.57,4047.2,18491.56,10.0,0.0,19054.13,8814.13,High,Already Exhausted,Consider Higher Data Plan
U0440,2025-06-29,236.94,172.02,1242.6,4387.32,10.0,5852.68,4559.34,0.0,Low,Not Expected This Month,Keep Current Plan
U0441,2025-06-29,130.96,267.69,1947.19,7666.58,10.0,2573.42,7934.27,0.0,Low,Not Expected This Month,Keep Current Plan
U0442,2025-06-29,726.42,325.99,2289.54,9832.56,10.0,407.44,10158.55,0.0,Medium,2025-07-01,Reduce Streaming Usage
U0443,2025-06-29,132.06,334.27,2385.9,9576.82,10.0,663.18,9911.09,0.0,Medium,2025-07-01,Reduce Streaming Usage
U0444,2025-06-29,358.43,315.46,2240.82,10395.31,10.0,0.0,10710.77,470.77,High,Already Exhausted,Consider Data Add-on
U0445,2025-06-29,309.9,202.36,1480.79,6099.74,10.0,4140.26,6302.1,0.0,Low,Not Expected This Month,Keep Current Plan
U0446,2025-06-29,932.76,412.15,2844.4,12158.78,10.0,0.0,12570.92,2330.92,High,Already Exhausted,Consider Data Add-on
U0447,2025-06-29,428.34,304.07,2079.27,9680.38,10.0,559.62,9984.45,0.0,Medium,2025-07-01,Reduce Streaming Usage
U0448,2025-06-29,78.45,94.45,691.96,3071.65,5.0,2048.35,3166.1,0.0,Low,Not Expected This Month,Keep Current Plan
U0449,2025-06-29,512.01,391.81,2772.88,11938.1,10.0,0.0,12329.91,2089.91,High,Already Exhausted,Consider Data Add-on
U0450,2025-06-29,253.9,269.51,1879.43,7317.99,10.0,2922.01,7587.5,0.0,Low,Not Expected This Month,Keep Current Plan
U0451,2025-06-29,355.44,584.23,4013.98,17216.79,10.0,0.0,17801.02,7561.02,High,Already Exhausted,Consider Higher Data Plan
U0452,2025-06-29,583.63,260.95,1873.3,8055.55,10.0,2184.45,8316.5,0.0,Low,Not Expected This Month,Keep Current Plan
U0453,2025-06-29,352.08,261.44,1835.69,7597.61,10.0,2642.39,7859.05,0.0,Low,Not Expected This Month,Keep Current Plan
U0454,2025-06-29,57.21,83.78,605.16,2861.72,5.0,2258.28,2945.5,0.0,Low,Not Expected This Month,Keep Current Plan
U0455,2025-06-29,429.32,288.44,2015.82,7957.27,10.0,2282.73,8245.71,0.0,Low,2025-07-07,Keep Current Plan
U0456,2025-06-29,191.07,179.24,1239.8,5307.77,10.0,4932.23,5487.01,0.0,Low,Not Expected This Month,Keep Current Plan
U0457,2025-06-29,181.48,102.3,729.72,2753.82,5.0,2366.18,2856.12,0.0,Low,Not Expected This Month,Keep Current Plan
U0458,2025-06-29,261.31,411.33,3113.82,12369.39,10.0,0.0,12780.72,2540.72,High,Already Exhausted,Consider Data Add-on
U0459,2025-06-29,117.82,173.05,1313.0,4880.1,10.0,5359.9,5053.15,0.0,Low,Not Expected This Month,Keep Current Plan
U0460,2025-06-29,133.22,217.77,1601.48,6250.42,10.0,3989.58,6468.19,0.0,Low,Not Expected This Month,Keep Current Plan
U0461,2025-06-29,523.73,337.56,2276.79,9996.39,10.0,243.61,10333.95,93.95,High,2025-06-30,Consider Data Add-on
U0462,2025-06-29,367.65,299.19,2097.5,9290.07,10.0,949.93,9589.26,0.0,Medium,2025-07-03,Reduce Streaming Usage
U0463,2025-06-29,54.56,91.8,636.17,3303.53,5.0,1816.47,3395.33,0.0,Low,Not Expected This Month,Keep Current Plan
U0464,2025-06-29,52.55,69.86,488.41,2686.03,1.5,0.0,2755.89,1219.89,High,Already Exhausted,Consider Higher Data Plan
U0465,2025-06-29,225.66,74.1,454.16,2216.18,3.0,855.82,2290.28,0.0,Low,Not Expected This Month,Keep Current Plan
U0466,2025-06-29,253.87,302.46,2219.3,8769.14,10.0,1470.86,9071.6,0.0,Medium,2025-07-04,Monitor Usage
U0467,2025-06-29,286.18,211.36,1463.76,5537.84,10.0,4702.16,5749.2,0.0,Low,Not Expected This Month,Keep Current Plan
U0468,2025-06-29,69.38,94.51,731.11,3092.95,5.0,2027.05,3187.46,0.0,Low,Not Expected This Month,Keep Current Plan
U0469,2025-06-29,93.75,123.19,929.85,3313.35,10.0,6926.65,3436.54,0.0,Low,Not Expected This Month,Keep Current Plan
U0470,2025-06-29,131.65,207.61,1507.97,6586.54,10.0,3653.46,6794.15,0.0,Low,Not Expected This Month,Keep Current Plan
U0471,2025-06-29,267.01,144.07,1028.94,3892.9,5.0,1227.1,4036.97,0.0,Low,Not Expected This Month,Keep Current Plan
U0472,2025-06-29,324.21,353.26,2475.97,10491.72,10.0,0.0,10844.98,604.98,High,Already Exhausted,Consider Data Add-on
U0473,2025-06-29,291.85,310.67,2264.52,9827.64,10.0,412.36,10138.3,0.0,Medium,2025-07-01,Reduce Streaming Usage
U0474,2025-06-29,136.6,164.07,1215.83,5423.84,5.0,0.0,5587.91,467.91,High,Already Exhausted,Consider Data Add-on
U0475,2025-06-29,186.46,189.45,1354.55,5477.78,10.0,4762.22,5667.23,0.0,Low,Not Expected This Month,Keep Current Plan
U0476,2025-06-29,142.62,234.29,1664.49,6864.33,10.0,3375.67,7098.62,0.0,Low,Not Expected This Month,Keep Current Plan
U0477,2025-06-29,74.28,115.6,842.57,3426.48,3.0,0.0,3542.08,470.08,High,Already Exhausted,Consider Data Add-on
U0478,2025-06-29,194.7,375.89,2688.5,11524.7,10.0,0.0,11900.59,1660.59,High,Already Exhausted,Consider Data Add-on
U0479,2025-06-29,698.92,399.65,2697.02,11006.85,10.0,0.0,11406.5,1166.5,High,Already Exhausted,Consider Data Add-on
U0480,2025-06-29,134.8,86.95,618.68,2492.25,5.0,2627.75,2579.2,0.0,Low,Not Expected This Month,Keep Current Plan
U0481,2025-06-29,341.07,139.13,948.98,3725.55,5.0,1394.45,3864.68,0.0,Low,Not Expected This Month,Keep Current Plan
U0482,2025-06-29,242.44,325.64,2281.7,9387.86,10.0,852.14,9713.5,0.0,Medium,2025-07-02,Reduce Streaming Usage
U0483,2025-06-29,349.95,305.94,2155.45,8772.53,10.0,1467.47,9078.47,0.0,Medium,2025-07-04,Monitor Usage
U0484,2025-06-29,82.31,93.98,715.61,2979.58,5.0,2140.42,3073.56,0.0,Low,Not Expected This Month,Keep Current Plan
U0485,2025-06-29,83.82,127.58,957.54,3629.01,5.0,1490.99,3756.59,0.0,Low,Not Expected This Month,Keep Current Plan
U0486,2025-06-29,515.5,297.15,2078.08,8791.6,10.0,1448.4,9088.75,0.0,Medium,2025-07-04,Monitor Usage
U0487,2025-06-29,248.05,512.36,3716.93,14921.06,10.0,0.0,15433.42,5193.42,High,Already Exhausted,Consider Higher Data Plan
U0488,2025-06-29,171.21,120.01,834.01,3398.27,3.0,0.0,3518.28,446.28,High,Already Exhausted,Consider Data Add-on
U0489,2025-06-29,436.09,514.32,3580.2,15504.52,10.0,0.0,16018.84,5778.84,High,Already Exhausted,Consider Higher Data Plan
U0490,2025-06-29,89.18,146.72,1071.55,4246.76,10.0,5993.24,4393.48,0.0,Low,Not Expected This Month,Keep Current Plan
U0491,2025-06-29,162.11,169.82,1253.55,4833.49,10.0,5406.51,5003.31,0.0,Low,Not Expected This Month,Keep Current Plan
U0492,2025-06-29,54.43,206.4,1479.19,6094.76,10.0,4145.24,6301.16,0.0,Low,Not Expected This Month,Keep Current Plan
U0493,2025-06-29,32.46,68.4,532.35,2067.23,3.0,1004.77,2135.63,0.0,Low,Not Expected This Month,Keep Current Plan
U0494,2025-06-29,489.76,263.92,1779.61,7342.45,10.0,2897.55,7606.37,0.0,Low,Not Expected This Month,Keep Current Plan
U0495,2025-06-29,93.49,80.09,583.89,2222.09,3.0,849.91,2302.18,0.0,Low,Not Expected This Month,Keep Current Plan
U0496,2025-06-29,173.06,112.89,811.91,3067.64,5.0,2052.36,3180.53,0.0,Low,Not Expected This Month,Keep Current Plan
U0497,2025-06-29,663.04,392.6,2741.07,12113.77,10.0,0.0,12506.37,2266.37,High,Already Exhausted,Consider Data Add-on
U0498,2025-06-29,47.09,63.71,498.89,2264.85,3.0,807.15,2328.56,0.0,Low,Not Expected This Month,Keep Current Plan
U0499,2025-06-29,99.05,259.16,1934.58,7869.82,10.0,2370.18,8128.98,0.0,Low,Not Expected This Month,Keep Current Plan
U0500,2025-06-29,533.81,308.77,2197.42,9439.39,10.0,800.61,9748.16,0.0,Medium,2025-07-02,Reduce Streaming Usage
